epoch,step,train_dsc,train_loss,val_dsc,val_loss
0,49,0.029655208811163902,1.3461391925811768,,
0,49,,,0.04038163274526596,1.3284448385238647
