epoch,step,test_dsc,test_loss
0,0,0.74595046043396,0.5299232602119446
