epoch,step,test_dsc,test_loss
0,0,0.745947003364563,0.5299232006072998
