epoch,step,test_dsc,test_loss
0,0,0.7459456324577332,0.529923141002655
