epoch,step,test_dsc,test_loss
0,0,0.7459467053413391,0.5299230813980103
