epoch,step,test_dsc,test_loss
0,0,0.7459510564804077,0.5299232006072998
