epoch,step,test_dsc,test_loss
0,0,0.7459458708763123,0.5299232006072998
