epoch,step,test_dsc,test_loss
0,0,0.7459446787834167,0.5299232602119446
