epoch,step,train_dsc,train_loss,val_dsc,val_loss
0,49,0.05856037884950638,1.4161878824234009,,
0,49,,,0.057451315224170685,1.3989026546478271
