epoch,step,test_dsc,test_loss
0,0,0.7459486126899719,0.529923141002655
