epoch,step,test_dsc,test_loss,train_dsc,train_loss,val_dsc,val_loss
0,0,0.7459463477134705,0.5299232602119446,,,,
0,49,,,0.8897406458854675,0.3692809045314789,,
0,49,,,,,0.8594678044319153,0.352256715297699
1,99,,,0.8934656381607056,0.37336787581443787,,
1,99,,,,,0.8661602139472961,0.34923699498176575
