epoch,step,test_dsc,test_loss
0,0,0.7459506988525391,0.5299233198165894
