epoch,step,test_dsc,test_loss
0,0,0.7459461688995361,0.5299232006072998
